name,n_samples,mean,std,skewness,kurtosis,shapiro_wilk_stat,shapiro_wilk_p,shapiro_wilk_pass,anderson_darling_stat,anderson_darling_critical_5%,anderson_darling_pass,kolmogorov_smirnov_stat,kolmogorov_smirnov_p,kolmogorov_smirnov_pass,jarque_bera_stat,jarque_bera_p,jarque_bera_pass,lilliefors_stat,lilliefors_p,lilliefors_pass,dagostino_pearson_stat,dagostino_pearson_p,dagostino_pearson_pass,total_tests,tests_passed,pass_rate,all_passed
X_error,96,-0.05579350839542274,0.46019803102709156,-0.14902695292124754,-0.2531993588707806,0.9899860432912795,0.6901560801846796,True,0.22731739401865525,0.757,True,0.047186601266330785,0.9763355165862575,True,0.6117841844821651,0.7364660855733307,True,0.048150024143625014,0.8568515649135316,True,0.4833160367337545,0.7853246982574795,True,6,6,1.0,True
Y_error,96,0.025240631334094554,0.47369392690481354,0.3626188974151684,-0.0010720023425210279,0.980828104179813,0.17329115290286135,True,0.48988023636816536,0.757,True,0.06244228739137703,0.8254717488885998,True,2.103884032957568,0.3492588236913859,True,0.06329525395248459,0.47083345599123977,True,2.3822474158599256,0.30387960022094757,True,6,6,1.0,True
Z_error,96,0.013909801670056668,0.5501850191199457,0.23151131130321834,0.911823417544356,0.9864437830813335,0.4309045169142911,True,0.28648366035443473,0.757,True,0.04810251123637416,0.971691304549202,True,4.183247575310447,0.12348645714707218,True,0.04818581202616723,0.8560536415868794,True,4.142111947704544,0.12605260314794206,True,6,6,1.0,True
CLOCK_error,96,0.018027495538832098,0.16149249480750105,0.23014944298626044,0.10581310663599508,0.9867748536554769,0.4525010804986449,True,0.3539227061068857,0.757,True,0.05855155506043863,0.8777559275210529,True,0.892285911854017,0.6400922605382694,True,0.057412921136490436,0.6269095815276883,True,1.2431206885860404,0.5371057135807942,True,6,6,1.0,True
