Component,Shapiro_p,Kurtosis,Mean,Std,Is_Gaussian
X_Error,0.0007088655850283117,0.9515521805560732,0.008465533995327991,0.1381124055730102,False
Y_Error,1.6154161868749868e-08,4.346940428626395,-0.021724656972830624,0.2559496499571231,False
Z_Error,0.07016890771945991,0.47796538213230066,0.04458279534014276,0.2569565023917046,True
Clock_Error,0.04661999323762525,0.4528543730530341,0.009522928056146634,0.2771859076702024,False
