name,n_samples,mean,std,LjungBox_p,ljungbox_significant_lags,ljungbox_pass,DurbinWatson,durbin_watson_pass,runs_test_z,Runs_p,runs_test_pass,tests_passed,total_tests,Independence,Error_Type
X_error,96,-0.05579350839542274,0.46019803102709156,0.5115301077703377,0,True,1.9779320518681718,True,-0.2052070395430288,0.8374103697213153,True,3,3,PASS,X_error
Y_error,96,0.025240631334094554,0.47369392690481354,0.222786840127174,0,True,2.154912370915025,True,0.0,1.0,True,3,3,PASS,Y_error
Z_error,96,0.013909801670056668,0.5501850191199457,0.18539210946910278,0,True,2.2617118654033748,True,0.4104140790860576,0.6815022201051972,True,3,3,PASS,Z_error
CLOCK_error,96,0.018027495538832098,0.16149249480750105,0.3701392334546487,0,True,1.79092358784944,True,0.2052070395430288,0.8374103697213153,True,3,3,PASS,CLOCK_error
